Alice,Smith,alice.smith@example.com
Bob,Johnson,bob.johnson@example.com
Charlie,Brown,charlie.brown@example.com
Diana,Williams,diana.williams@example.com
Ethan,Jones,ethan.jones@example.com
Fiona,Miller,fiona.miller@example.com
George,Davis,george.davis@example.com
Hannah,Wilson,hannah.wilson@example.com
Ian,Taylor,ian.taylor@example.com
Jessica,Anderson,jessica.anderson@example.com